temp_sensor,ph_sensor,tds_sensor,turbidity_sensor,pulse_sensor,current_sensor,ultrasonic_sensor,camera_sensor
23.0,5.6000000000000005,910.0,15.0,0.71,65.0,2.3000000000000003,6961193537933.0
20.0,1.4000000000000001,800.0,31.0,0.9500000000000001,59.0,3.5,442002723729.0
17.0,3.0,500.0,11.0,0.24,74.0,2.3000000000000003,147823663305.0
30.0,13.4,940.0,25.0,0.61,0.0,1.7000000000000002,5142042316712.0
45.0,1.0,250.0,6.0,0.81,58.0,2.5,9284063425816.0
28.0,13.3,620.0,56.0,0.8200000000000001,24.0,3.3000000000000003,8171993572353.0
25.0,1.1,50.0,34.0,0.03,87.0,1.2000000000000002,9950104404724.0
36.0,6.2,90.0,93.0,0.51,95.0,0.7000000000000001,1626737706954.0
37.0,13.100000000000001,630.0,65.0,0.41000000000000003,38.0,1.7000000000000002,6042061501802.0
18.0,10.700000000000001,550.0,92.0,0.63,85.0,3.8000000000000003,1780539732927.0
34.0,10.8,720.0,32.0,0.62,76.0,0.5,8705282288525.0
44.0,4.7,490.0,88.0,0.02,38.0,3.5,7247012036766.0
40.0,9.5,480.0,20.0,0.43,62.0,1.4000000000000001,6306752269001.0
15.0,4.3,80.0,83.0,0.3,10.0,1.6,2501912635855.0
30.0,5.9,250.0,24.0,0.89,22.0,3.3000000000000003,7352169455345.0
24.0,5.800000000000001,940.0,28.0,0.28,45.0,1.9000000000000001,6354711967705.0
19.0,10.9,300.0,32.0,0.22,57.0,2.5,2412304995176.0
21.0,8.0,950.0,15.0,0.6900000000000001,52.0,1.8,5715877645674.0
15.0,12.5,450.0,1.0,0.0,96.0,1.6,6974967086925.0
48.0,1.1,150.0,55.0,0.52,17.0,2.7,2308232126964.0
29.0,2.1,930.0,32.0,0.91,5.0,2.5,5600085691921.0
34.0,3.3000000000000003,520.0,1.0,0.62,28.0,0.8,8150941508580.0
26.0,0.9,510.0,83.0,0.65,41.0,1.3,693408314900.0
22.0,0.7000000000000001,230.0,24.0,0.88,11.0,0.5,6622789073997.0
26.0,13.600000000000001,770.0,23.0,0.52,38.0,0.7000000000000001,4494584320648.0
29.0,1.4000000000000001,800.0,49.0,0.6900000000000001,81.0,3.2,6762166125184.0
36.0,0.4,450.0,54.0,0.88,64.0,1.9000000000000001,678094163527.0
31.0,3.5,140.0,15.0,0.87,17.0,3.2,2582822192991.0
37.0,12.100000000000001,480.0,35.0,0.9400000000000001,99.0,2.6,9634012406466.0
19.0,9.600000000000001,240.0,2.0,0.03,4.0,1.5,3086044229230.0
20.0,13.0,490.0,24.0,0.8300000000000001,54.0,3.4000000000000004,8635606781361.0
48.0,8.4,800.0,14.0,0.27,77.0,3.7,7188550700493.0
49.0,5.5,330.0,39.0,0.88,43.0,1.4000000000000001,5631285511869.0
43.0,2.8000000000000003,650.0,84.0,0.56,40.0,3.0,5214822950486.0
34.0,5.0,750.0,49.0,0.65,50.0,2.3000000000000003,1159750887039.0
19.0,1.7000000000000002,930.0,41.0,0.5,27.0,2.5,2168371585268.0
37.0,0.7000000000000001,470.0,53.0,0.9,39.0,0.5,7046184727145.0
34.0,3.1,920.0,28.0,0.59,25.0,1.0,5669908123392.0
28.0,7.9,350.0,58.0,0.19,19.0,1.2000000000000002,7772617558053.0
23.0,13.9,820.0,39.0,0.67,69.0,1.2000000000000002,4520438014637.0
39.0,5.1000000000000005,760.0,50.0,0.24,61.0,2.0,679940735066.0
46.0,7.6000000000000005,700.0,16.0,0.99,52.0,3.2,1189153232443.0
24.0,1.4000000000000001,560.0,65.0,0.11,39.0,1.0,9374197458986.0
26.0,1.5,660.0,12.0,0.5,83.0,1.6,6527731738530.0
43.0,3.9000000000000004,610.0,79.0,0.42,14.0,3.1,3413497629280.0
42.0,5.9,480.0,19.0,0.42,10.0,3.8000000000000003,631544864570.0
24.0,10.3,420.0,71.0,0.8,67.0,2.7,5464653701604.0
34.0,10.600000000000001,610.0,37.0,0.29,52.0,1.6,6667589986520.0
15.0,2.3000000000000003,700.0,28.0,0.38,52.0,1.7000000000000002,9589617646282.0
38.0,10.0,60.0,53.0,0.51,31.0,2.9000000000000004,994733889654.0
26.0,1.9000000000000001,620.0,28.0,0.63,1.0,2.0,2405316669488.0
34.0,11.8,420.0,33.0,0.87,19.0,1.8,2363536647936.0
42.0,13.9,910.0,84.0,0.04,17.0,0.8,5781011844772.0
47.0,8.9,790.0,58.0,0.01,23.0,2.0,825283641410.0
43.0,9.5,400.0,31.0,0.15,59.0,2.3000000000000003,4685815999509.0
46.0,6.800000000000001,900.0,30.0,0.3,49.0,1.7000000000000002,1690496381324.0
17.0,0.1,910.0,96.0,0.04,22.0,2.1,5146079615991.0
31.0,13.4,590.0,58.0,0.55,64.0,1.2000000000000002,407114914695.0
31.0,5.300000000000001,660.0,21.0,0.08,55.0,2.6,9970071067622.0
39.0,2.8000000000000003,400.0,58.0,0.96,94.0,2.8000000000000003,2835873056720.0
18.0,3.5,170.0,42.0,0.21,6.0,0.8,6879154499195.0
34.0,2.7,510.0,92.0,0.86,63.0,2.3000000000000003,9797220460151.0
21.0,13.8,790.0,49.0,0.02,90.0,1.9000000000000001,5033750252467.0
46.0,4.3,880.0,17.0,0.01,3.0,1.5,6665291582417.0
48.0,13.5,950.0,0.0,0.31,57.0,1.9000000000000001,1770884338155.0
15.0,7.1000000000000005,600.0,4.0,0.16,3.0,2.7,8665570146491.0
31.0,12.3,810.0,20.0,0.98,66.0,1.8,6596621580315.0
46.0,6.5,950.0,75.0,0.1,50.0,1.6,9449519612804.0
27.0,3.5,850.0,34.0,0.25,22.0,3.5,2653861822197.0
16.0,7.800000000000001,240.0,21.0,0.99,63.0,3.5,1877015431170.0
30.0,4.5,940.0,4.0,0.22,27.0,2.6,6897631465371.0
49.0,11.5,730.0,39.0,0.6,83.0,1.5,8638628369856.0
30.0,7.1000000000000005,880.0,24.0,0.11,51.0,1.2000000000000002,7019125069531.0
48.0,13.9,160.0,68.0,0.67,64.0,2.7,5693307472766.0
27.0,9.3,390.0,6.0,0.59,50.0,0.6000000000000001,9003589292803.0
43.0,3.0,740.0,87.0,0.3,93.0,0.6000000000000001,1682323195121.0
21.0,12.5,340.0,85.0,0.46,7.0,3.6,7421516836740.0
18.0,5.2,270.0,35.0,0.1,4.0,2.7,5008748943597.0
41.0,1.5,240.0,39.0,0.41000000000000003,56.0,1.3,4580680213836.0
48.0,0.0,90.0,89.0,0.99,65.0,3.4000000000000004,1630757966028.0
17.0,1.1,460.0,21.0,0.63,56.0,3.3000000000000003,9318516187544.0
34.0,10.5,380.0,27.0,0.84,5.0,3.0,8101003091131.0
27.0,6.5,260.0,7.0,0.33,21.0,1.5,7139698110440.0
32.0,6.9,270.0,60.0,0.42,1.0,2.7,5391662465755.0
27.0,6.1000000000000005,400.0,24.0,0.5,6.0,2.1,8780962272361.0
16.0,9.9,790.0,11.0,0.8,84.0,0.6000000000000001,6706325107811.0
20.0,1.5,160.0,14.0,0.15,47.0,3.9000000000000004,989092254801.0
26.0,13.8,990.0,75.0,0.9,64.0,3.4000000000000004,7448321552495.0
38.0,9.3,190.0,46.0,0.44,97.0,3.1,3072844709309.0
32.0,1.3,870.0,53.0,0.17,76.0,2.3000000000000003,6671410636655.0
43.0,6.1000000000000005,940.0,46.0,0.8,73.0,2.1,6091562797117.0
33.0,9.3,960.0,65.0,0.0,61.0,3.8000000000000003,5614124745447.0
22.0,10.0,840.0,94.0,0.6,4.0,2.9000000000000004,8009916637280.0
35.0,1.0,240.0,13.0,0.5700000000000001,31.0,2.7,9510461297461.0
19.0,13.3,340.0,69.0,0.58,85.0,3.4000000000000004,2719989253426.0
43.0,5.6000000000000005,450.0,83.0,0.75,79.0,0.8,2866795078191.0
48.0,7.4,560.0,29.0,0.02,76.0,2.7,4244811725777.0
20.0,0.4,960.0,77.0,0.08,21.0,2.6,7312937881704.0
25.0,10.600000000000001,150.0,43.0,0.97,31.0,2.4000000000000004,636793753361.0
38.0,13.3,50.0,25.0,0.96,40.0,1.3,6553258130090.0
28.0,0.4,190.0,49.0,0.3,94.0,3.2,2014457189634.0
40.0,2.4000000000000004,330.0,4.0,0.35000000000000003,66.0,1.2000000000000002,7299198121713.0
18.0,5.800000000000001,710.0,39.0,0.87,23.0,3.6,3756383222124.0
21.0,2.5,260.0,10.0,0.96,0.0,1.2000000000000002,7968614389774.0
22.0,7.5,300.0,4.0,0.55,2.0,2.8000000000000003,5153523696377.0
33.0,3.5,830.0,77.0,0.05,69.0,3.5,6568779924135.0
42.0,3.8000000000000003,270.0,65.0,0.58,28.0,0.5,1824781082407.0
21.0,5.7,60.0,68.0,0.1,46.0,3.6,2735285425713.0
30.0,10.200000000000001,830.0,32.0,0.98,87.0,1.9000000000000001,2952426546627.0
41.0,12.600000000000001,100.0,9.0,0.13,65.0,3.6,2929126696260.0
24.0,2.9000000000000004,590.0,78.0,0.21,31.0,3.1,8191255215636.0
27.0,11.0,310.0,18.0,0.81,80.0,2.8000000000000003,2203096604990.0
32.0,8.3,850.0,81.0,0.89,7.0,3.2,7856307461048.0
19.0,6.4,460.0,21.0,0.63,7.0,0.8,7265160320510.0
38.0,13.3,510.0,31.0,0.55,37.0,3.0,131749974582.0
30.0,1.0,680.0,81.0,0.26,86.0,1.4000000000000001,2832249128520.0
39.0,4.1000000000000005,120.0,20.0,0.22,29.0,3.7,5301578068977.0
32.0,3.8000000000000003,790.0,45.0,0.79,48.0,1.3,2410414521703.0
42.0,8.6,490.0,24.0,0.66,68.0,3.0,7360533656139.0
35.0,9.3,260.0,24.0,0.17,19.0,2.6,5131230212791.0
37.0,4.0,860.0,95.0,0.46,87.0,1.7000000000000002,7507975420045.0
48.0,8.8,300.0,89.0,0.68,48.0,0.5,1770069782482.0
16.0,9.200000000000001,150.0,16.0,0.35000000000000003,40.0,3.2,1801079454927.0
42.0,11.8,730.0,59.0,0.91,26.0,1.6,2681181776236.0
27.0,10.200000000000001,520.0,45.0,0.81,40.0,2.3000000000000003,6087527635416.0
45.0,9.3,740.0,25.0,0.44,34.0,1.9000000000000001,701965755440.0
23.0,7.7,960.0,98.0,0.41000000000000003,92.0,1.9000000000000001,3930761831896.0
35.0,6.7,410.0,40.0,0.31,12.0,0.6000000000000001,1527575324584.0
23.0,8.200000000000001,420.0,23.0,0.7000000000000001,88.0,1.2000000000000002,5086497610563.0
20.0,10.100000000000001,210.0,46.0,0.49,60.0,2.9000000000000004,696092256251.0
48.0,9.8,550.0,64.0,0.67,65.0,3.6,4386958784582.0
48.0,0.30000000000000004,380.0,0.0,0.67,33.0,0.8,5463377281671.0
42.0,1.6,340.0,38.0,0.3,59.0,0.6000000000000001,9804469135803.0
39.0,10.600000000000001,880.0,83.0,0.9,63.0,0.9,4068800921259.0
43.0,9.5,360.0,6.0,0.88,23.0,2.3000000000000003,8031306806822.0
49.0,7.9,150.0,85.0,0.9,41.0,2.6,2226436315308.0
22.0,10.8,240.0,59.0,0.31,95.0,2.8000000000000003,2005466085769.0
17.0,8.6,120.0,60.0,0.45,22.0,2.8000000000000003,8621428213006.0
31.0,2.0,950.0,2.0,0.74,79.0,3.3000000000000003,538109153839.0
24.0,12.4,640.0,2.0,0.3,28.0,0.6000000000000001,4448435680257.0
37.0,12.600000000000001,190.0,0.0,0.0,62.0,3.7,8795690157512.0
32.0,12.5,750.0,31.0,0.84,73.0,2.5,9335662982684.0
39.0,11.200000000000001,700.0,74.0,0.48,79.0,1.5,928085315824.0
37.0,3.8000000000000003,550.0,2.0,0.18,61.0,0.8,7992199618451.0
34.0,11.4,460.0,93.0,0.81,13.0,1.0,4902649896965.0
47.0,5.0,790.0,70.0,0.65,45.0,2.2,8209521509178.0
47.0,3.6,340.0,18.0,0.54,83.0,2.9000000000000004,3090397822871.0
38.0,6.2,550.0,53.0,0.27,58.0,2.2,3117114259741.0
35.0,8.9,380.0,85.0,0.9500000000000001,85.0,3.6,641037691875.0
46.0,6.7,980.0,61.0,0.62,75.0,1.8,9172467747544.0
35.0,11.100000000000001,930.0,49.0,0.18,19.0,3.3000000000000003,1552993333021.0
44.0,3.9000000000000004,310.0,52.0,0.4,49.0,2.3000000000000003,4771083767451.0
46.0,9.700000000000001,590.0,70.0,0.72,52.0,2.5,5510847287423.0
41.0,0.2,450.0,65.0,0.29,19.0,1.1,58464691587.0
28.0,3.0,710.0,38.0,0.76,1.0,1.0,4829396118063.0
20.0,9.200000000000001,200.0,72.0,0.22,38.0,1.8,1199687876426.0
46.0,11.3,380.0,47.0,0.54,16.0,1.3,4954945730239.0
45.0,5.0,160.0,28.0,0.47000000000000003,58.0,2.4000000000000004,8617938601545.0
23.0,11.600000000000001,60.0,93.0,0.59,31.0,1.3,5355235705855.0
20.0,9.5,800.0,99.0,0.77,94.0,3.7,1023432694464.0
33.0,0.9,780.0,66.0,0.68,56.0,3.1,7819369133752.0
34.0,6.7,650.0,62.0,0.2,38.0,1.4000000000000001,5555485304373.0
42.0,6.5,340.0,12.0,0.39,73.0,1.3,549888740050.0
18.0,12.9,630.0,74.0,0.13,47.0,3.8000000000000003,5500434086994.0
16.0,5.1000000000000005,190.0,14.0,0.03,15.0,3.7,1685757634306.0
20.0,13.9,320.0,0.0,0.09,10.0,1.1,7132615324538.0
20.0,3.9000000000000004,910.0,70.0,0.5700000000000001,12.0,1.1,9072826279993.0
32.0,12.200000000000001,850.0,69.0,0.78,88.0,3.0,143016779202.0
30.0,13.0,60.0,81.0,0.7000000000000001,64.0,3.0,248560741457.0
18.0,9.700000000000001,150.0,56.0,0.56,79.0,3.2,5895264204881.0
35.0,6.300000000000001,510.0,87.0,0.89,55.0,1.3,4898797369161.0
37.0,12.200000000000001,400.0,8.0,0.5,37.0,1.6,2887615016062.0
28.0,5.1000000000000005,770.0,67.0,0.2,24.0,2.5,4064185609600.0
39.0,11.600000000000001,750.0,97.0,0.58,51.0,1.5,9090111751238.0
17.0,0.6000000000000001,570.0,37.0,0.87,47.0,1.8,2964149161655.0
30.0,1.5,290.0,63.0,0.64,13.0,3.3000000000000003,5552708940235.0
31.0,1.7000000000000002,120.0,86.0,0.24,64.0,0.8,6814096550998.0
33.0,13.100000000000001,360.0,38.0,0.32,70.0,2.1,7847109342989.0
28.0,12.5,380.0,61.0,0.86,94.0,2.1,6857157454352.0
17.0,9.5,230.0,34.0,0.3,5.0,3.9000000000000004,7508289917919.0
42.0,1.9000000000000001,970.0,35.0,0.32,7.0,3.3000000000000003,9344182922126.0
22.0,8.8,900.0,53.0,0.58,99.0,1.4000000000000001,6602435155140.0
31.0,0.6000000000000001,810.0,65.0,0.85,21.0,1.0,8029091494365.0
47.0,6.7,320.0,6.0,0.8,16.0,1.2000000000000002,3317309935151.0
16.0,6.4,180.0,11.0,0.41000000000000003,26.0,2.9000000000000004,4515751565399.0
37.0,6.5,800.0,59.0,0.86,68.0,3.5,7497666784815.0
36.0,8.6,370.0,3.0,0.7000000000000001,50.0,0.8,1206535091203.0
24.0,5.300000000000001,950.0,71.0,0.0,27.0,3.0,7709070661830.0
49.0,7.9,130.0,34.0,0.13,59.0,1.3,7065364552626.0
25.0,4.5,380.0,94.0,0.8200000000000001,53.0,2.7,8807885239037.0
43.0,7.5,640.0,15.0,0.73,18.0,2.8000000000000003,4104355787968.0
22.0,6.6000000000000005,350.0,49.0,0.39,92.0,3.9000000000000004,2746661757597.0
30.0,10.9,240.0,47.0,0.03,97.0,1.8,542169080897.0
17.0,4.2,730.0,75.0,0.99,5.0,2.0,3800187828516.0
27.0,11.100000000000001,840.0,73.0,0.56,56.0,3.1,5056732798976.0
25.0,2.8000000000000003,880.0,91.0,0.48,56.0,3.8000000000000003,5291246393088.0
36.0,4.0,300.0,31.0,0.71,87.0,1.7000000000000002,7644285055677.0
47.0,11.4,560.0,77.0,0.8,4.0,3.7,4345468349864.0
26.0,2.4000000000000004,550.0,0.0,0.88,64.0,2.4000000000000004,1543834122857.0
20.0,2.4000000000000004,80.0,73.0,0.42,52.0,2.6,4471005646081.0
15.0,4.3,680.0,29.0,0.09,1.0,3.6,8329541160685.0
33.0,10.8,440.0,98.0,0.79,15.0,3.0,1561875685592.0
34.0,10.8,180.0,42.0,0.43,75.0,1.5,3972296958186.0
39.0,3.3000000000000003,390.0,20.0,0.74,72.0,1.6,7145123286177.0
27.0,6.6000000000000005,550.0,53.0,0.66,87.0,2.9000000000000004,1749320759183.0
25.0,1.3,710.0,33.0,0.52,40.0,3.8000000000000003,8898557543843.0
15.0,2.4000000000000004,380.0,36.0,0.1,13.0,1.2000000000000002,9621889185067.0
44.0,5.9,50.0,12.0,0.31,99.0,2.0,7029513768482.0
32.0,4.3,910.0,35.0,0.23,54.0,0.5,8858813878392.0
31.0,8.0,940.0,75.0,0.05,87.0,1.3,799982857099.0
22.0,10.5,950.0,86.0,0.17,24.0,3.9000000000000004,2331576644089.0
15.0,7.800000000000001,550.0,63.0,0.43,39.0,2.7,2842382130997.0
27.0,1.2000000000000002,530.0,47.0,0.99,64.0,1.2000000000000002,5017623094265.0
40.0,9.4,680.0,0.0,0.5700000000000001,82.0,0.9,6298232951772.0
22.0,12.9,930.0,38.0,0.8,38.0,3.7,7554970318736.0
29.0,4.3,200.0,47.0,0.92,37.0,2.0,268419178713.0
46.0,12.5,710.0,36.0,0.74,34.0,3.8000000000000003,4500796320206.0
32.0,2.8000000000000003,750.0,40.0,0.51,57.0,2.0,2067117383457.0
35.0,2.4000000000000004,800.0,28.0,0.52,61.0,1.7000000000000002,5392581351536.0
22.0,11.700000000000001,390.0,4.0,0.63,68.0,1.3,6221503451435.0
20.0,0.5,670.0,64.0,0.5700000000000001,14.0,3.8000000000000003,5140185246723.0
23.0,13.9,990.0,59.0,0.21,31.0,2.3000000000000003,4035907544938.0
40.0,0.4,140.0,95.0,0.8200000000000001,64.0,2.7,4218155412878.0
16.0,13.0,690.0,7.0,0.4,40.0,2.5,6156627770434.0
25.0,12.8,990.0,76.0,0.5,30.0,1.0,1332596728896.0
31.0,3.6,620.0,5.0,0.56,45.0,2.3000000000000003,8699887383816.0
36.0,1.2000000000000002,110.0,58.0,0.21,91.0,0.6000000000000001,8329538677474.0
18.0,11.3,790.0,30.0,0.22,16.0,3.2,470000013079.0
21.0,8.8,680.0,87.0,0.24,15.0,2.6,3487793720653.0
44.0,1.9000000000000001,150.0,20.0,0.68,43.0,0.8,5600026799281.0
44.0,3.5,240.0,25.0,0.19,60.0,1.2000000000000002,4331591799643.0
21.0,7.1000000000000005,400.0,90.0,0.47000000000000003,54.0,0.9,732047812279.0
22.0,0.2,460.0,58.0,0.02,38.0,3.2,5635971992986.0
33.0,9.600000000000001,590.0,13.0,0.11,51.0,3.8000000000000003,1830481869185.0
34.0,12.0,570.0,10.0,0.13,25.0,2.0,6735831301641.0
46.0,5.9,410.0,63.0,0.6,52.0,2.7,7003483902341.0
38.0,11.3,170.0,30.0,0.5700000000000001,18.0,1.2000000000000002,1162683328987.0
42.0,10.0,80.0,24.0,0.45,12.0,0.6000000000000001,2479329599106.0
28.0,7.2,90.0,99.0,0.85,92.0,1.9000000000000001,6404250034193.0
36.0,4.3,300.0,84.0,0.1,52.0,3.6,9360000049371.0
35.0,1.4000000000000001,700.0,38.0,0.8200000000000001,70.0,0.9,1772901116686.0
19.0,9.3,410.0,85.0,0.02,22.0,2.9000000000000004,455442846724.0
40.0,7.4,510.0,30.0,0.6,77.0,2.2,4516237825650.0
40.0,1.4000000000000001,610.0,28.0,0.15,77.0,2.1,838181577236.0
35.0,4.1000000000000005,770.0,17.0,0.5700000000000001,22.0,1.0,4611757416414.0
48.0,8.5,170.0,5.0,0.28,50.0,2.2,315500901568.0
17.0,1.4000000000000001,160.0,10.0,0.55,73.0,1.7000000000000002,2139473728203.0
26.0,9.200000000000001,290.0,21.0,0.37,92.0,0.8,3100175006.0
29.0,13.5,700.0,26.0,0.59,65.0,1.8,1705493865325.0
33.0,5.2,690.0,74.0,0.84,59.0,1.0,145036116316.0
40.0,3.8000000000000003,140.0,80.0,0.9400000000000001,43.0,3.9000000000000004,5025242464818.0
23.0,4.1000000000000005,160.0,22.0,0.53,67.0,2.4000000000000004,8026171767801.0
35.0,0.1,110.0,47.0,0.81,51.0,2.9000000000000004,604049215480.0
45.0,2.0,690.0,86.0,0.72,0.0,2.0,1952141631377.0
40.0,1.8,490.0,72.0,0.12,14.0,1.2000000000000002,8697571052698.0
23.0,1.5,410.0,14.0,0.41000000000000003,10.0,2.8000000000000003,2784047647896.0
30.0,0.9,560.0,6.0,0.59,11.0,0.8,3416740081205.0
27.0,2.1,790.0,29.0,0.76,8.0,1.9000000000000001,196176692396.0
49.0,1.6,950.0,24.0,0.29,44.0,1.1,5068523696732.0
42.0,12.9,300.0,98.0,0.32,71.0,3.9000000000000004,2385973887090.0
38.0,6.300000000000001,880.0,45.0,0.51,17.0,2.7,6717457943237.0
47.0,5.9,380.0,27.0,0.98,38.0,1.4000000000000001,3503087353563.0
17.0,8.9,90.0,98.0,0.9400000000000001,81.0,1.2000000000000002,7681256549052.0
24.0,11.4,580.0,19.0,0.21,67.0,1.3,8262021173936.0
24.0,0.4,820.0,49.0,0.65,50.0,0.8,8648645274734.0
39.0,11.9,960.0,56.0,0.26,54.0,2.4000000000000004,7966423673922.0
42.0,9.0,980.0,58.0,0.3,90.0,2.2,5863529793337.0
27.0,10.9,570.0,77.0,0.68,59.0,3.1,5421565460242.0
33.0,1.1,600.0,91.0,0.3,55.0,2.8000000000000003,2841426287877.0
32.0,12.0,860.0,28.0,0.93,81.0,1.0,9018926446004.0
31.0,4.9,440.0,99.0,0.92,88.0,2.1,6448993201764.0
16.0,1.4000000000000001,470.0,71.0,0.49,47.0,2.2,3762944760504.0
18.0,6.6000000000000005,810.0,72.0,0.97,77.0,0.8,1628615536548.0
35.0,4.9,670.0,66.0,0.4,39.0,3.6,4576481694955.0
29.0,10.200000000000001,50.0,31.0,0.33,43.0,1.7000000000000002,9301169059845.0
18.0,8.5,240.0,11.0,0.86,0.0,0.8,583976736173.0
19.0,7.7,160.0,86.0,0.59,61.0,3.0,1574499347849.0
49.0,5.5,470.0,72.0,0.9500000000000001,5.0,3.1,663916318090.0
28.0,13.200000000000001,870.0,4.0,0.77,3.0,1.2000000000000002,2081625874167.0
41.0,1.4000000000000001,380.0,74.0,0.31,52.0,0.9,6029294525959.0
47.0,3.9000000000000004,750.0,30.0,0.64,42.0,1.5,107525229578.0
20.0,13.100000000000001,50.0,31.0,0.8200000000000001,55.0,2.9000000000000004,155980951339.0
38.0,0.2,850.0,61.0,0.2,95.0,3.8000000000000003,4192451997169.0
19.0,3.2,980.0,98.0,0.59,41.0,1.9000000000000001,70871710998.0
48.0,1.9000000000000001,310.0,56.0,0.79,55.0,3.9000000000000004,2414834482191.0
19.0,3.2,960.0,74.0,0.35000000000000003,32.0,2.7,8353772053995.0
45.0,6.7,280.0,1.0,0.01,80.0,1.8,3456689104693.0
26.0,11.0,490.0,66.0,0.8,59.0,0.9,5875008420834.0
15.0,3.8000000000000003,180.0,52.0,0.26,53.0,3.7,4566262036699.0
35.0,9.700000000000001,680.0,43.0,0.24,20.0,3.5,7590359404069.0
23.0,10.8,790.0,86.0,0.46,75.0,3.6,8467134391394.0
37.0,7.1000000000000005,270.0,93.0,0.71,4.0,3.6,6421297420167.0
24.0,12.200000000000001,690.0,97.0,0.56,11.0,2.6,6975433089726.0
38.0,1.4000000000000001,190.0,10.0,0.47000000000000003,44.0,3.2,5359575022639.0
33.0,4.0,420.0,5.0,0.77,63.0,1.3,8803780797047.0
27.0,6.7,790.0,56.0,0.92,7.0,2.4000000000000004,4905523649438.0
28.0,9.0,650.0,77.0,0.92,4.0,3.9000000000000004,7626429501723.0
42.0,4.9,780.0,67.0,0.52,34.0,1.6,7676553951444.0
37.0,11.200000000000001,700.0,25.0,0.34,54.0,2.1,28421356525.0
47.0,11.200000000000001,130.0,78.0,0.38,60.0,2.2,2601560839188.0
46.0,1.4000000000000001,70.0,69.0,0.23,89.0,2.5,1873254623420.0
41.0,5.5,730.0,45.0,0.01,61.0,1.8,8735575991255.0
23.0,6.800000000000001,60.0,54.0,0.6900000000000001,64.0,3.5,5616026533710.0
18.0,2.6,240.0,54.0,0.42,41.0,2.3000000000000003,9258150074140.0
46.0,9.8,260.0,70.0,0.29,97.0,3.9000000000000004,6052887319797.0
46.0,9.4,980.0,57.0,0.84,21.0,0.6000000000000001,1248447570996.0
42.0,7.1000000000000005,380.0,10.0,0.56,13.0,1.8,1481756937707.0
21.0,13.4,780.0,91.0,0.84,20.0,1.7000000000000002,9815496278302.0
37.0,12.3,960.0,54.0,0.96,99.0,2.3000000000000003,8777948294316.0
44.0,6.7,990.0,38.0,0.17,78.0,0.8,7395047710738.0
35.0,5.4,660.0,16.0,0.9400000000000001,70.0,3.1,6334811387574.0
15.0,9.600000000000001,570.0,39.0,0.7000000000000001,54.0,2.8000000000000003,5329384495401.0
33.0,5.7,870.0,95.0,0.5,95.0,1.0,5759335884475.0
35.0,0.6000000000000001,730.0,81.0,0.79,95.0,1.2000000000000002,4635678486729.0
47.0,2.9000000000000004,220.0,95.0,0.34,15.0,1.9000000000000001,1074110062974.0
30.0,4.800000000000001,250.0,8.0,0.99,94.0,1.3,6046439876157.0
33.0,12.8,370.0,51.0,0.63,51.0,1.5,5407956149237.0
28.0,7.1000000000000005,960.0,82.0,0.45,4.0,0.6000000000000001,2388315104874.0
44.0,4.1000000000000005,500.0,47.0,0.88,19.0,3.7,6715843526774.0
23.0,13.700000000000001,530.0,75.0,0.62,38.0,1.9000000000000001,9533914166527.0
24.0,11.700000000000001,410.0,92.0,0.67,37.0,1.8,7050919210433.0
33.0,3.9000000000000004,60.0,51.0,0.8,56.0,0.6000000000000001,8851943146695.0
47.0,3.1,730.0,30.0,0.38,45.0,2.0,4032948902692.0
25.0,4.9,330.0,85.0,0.87,52.0,3.8000000000000003,5369076295989.0
36.0,9.5,230.0,27.0,0.38,65.0,2.1,3825043537091.0
27.0,10.8,820.0,2.0,0.93,74.0,2.8000000000000003,4398822918230.0
48.0,3.1,970.0,91.0,0.91,31.0,1.6,7506225375079.0
34.0,0.5,840.0,62.0,0.31,67.0,3.7,4241498098203.0
44.0,7.9,810.0,12.0,0.3,19.0,2.7,2471634638678.0
43.0,8.1,760.0,17.0,0.66,91.0,3.8000000000000003,7340030010856.0
34.0,8.8,340.0,10.0,0.68,13.0,0.6000000000000001,1115904235162.0
16.0,13.0,970.0,78.0,0.85,3.0,3.2,5903377666053.0
40.0,4.7,420.0,71.0,0.42,18.0,1.1,4269614194622.0
31.0,5.1000000000000005,540.0,42.0,0.01,46.0,1.5,3631667531950.0
36.0,5.7,460.0,99.0,0.18,62.0,3.2,364893825776.0
38.0,4.2,480.0,11.0,0.81,50.0,1.6,219855393127.0
18.0,0.0,100.0,15.0,0.03,77.0,1.1,9072899142694.0
43.0,10.600000000000001,270.0,66.0,0.72,42.0,2.9000000000000004,4075208794412.0
46.0,3.7,480.0,57.0,0.26,65.0,1.8,9653567068769.0
19.0,10.8,650.0,48.0,0.45,41.0,3.2,7376200957414.0
33.0,2.2,720.0,86.0,0.27,12.0,1.3,7389986310244.0
34.0,12.4,200.0,89.0,0.97,81.0,1.8,1725750899234.0
41.0,9.200000000000001,710.0,0.0,0.36,94.0,2.8000000000000003,9517597938854.0
46.0,7.1000000000000005,160.0,6.0,0.33,94.0,0.9,2743468913378.0
18.0,11.600000000000001,890.0,89.0,0.87,65.0,3.4000000000000004,8925867068670.0
22.0,3.2,180.0,76.0,0.32,68.0,1.5,4707155848129.0
48.0,9.5,460.0,61.0,0.76,67.0,3.2,8587400577941.0
43.0,7.9,370.0,77.0,0.77,34.0,2.9000000000000004,3463504307118.0
31.0,10.3,790.0,32.0,0.26,40.0,0.8,9691551962779.0
34.0,6.300000000000001,100.0,71.0,0.37,58.0,3.6,912423313317.0
48.0,1.2000000000000002,360.0,65.0,0.65,85.0,1.0,2470553170955.0
19.0,11.600000000000001,940.0,29.0,0.33,4.0,2.4000000000000004,3040923614841.0
39.0,4.1000000000000005,500.0,83.0,0.5700000000000001,51.0,1.3,4192754108170.0
27.0,2.1,320.0,98.0,0.87,68.0,1.8,4898748919479.0
45.0,11.600000000000001,960.0,95.0,0.3,19.0,2.0,8745667632380.0
30.0,2.0,440.0,41.0,0.98,82.0,1.4000000000000001,2081419923729.0
31.0,7.2,940.0,4.0,0.07,62.0,1.8,4022344050207.0
26.0,13.9,480.0,38.0,0.85,74.0,1.4000000000000001,6053144407381.0
29.0,12.200000000000001,120.0,77.0,0.65,48.0,3.2,2085638253396.0
17.0,13.9,110.0,18.0,0.61,69.0,2.0,4767015284223.0
42.0,2.0,760.0,61.0,0.24,11.0,1.1,8502460029657.0
30.0,8.200000000000001,900.0,16.0,0.9,28.0,2.9000000000000004,4253557301874.0
31.0,0.9,890.0,70.0,0.41000000000000003,27.0,2.0,9029071889923.0
42.0,6.1000000000000005,260.0,1.0,0.66,37.0,1.0,3286935362918.0
18.0,9.1,670.0,65.0,0.54,32.0,3.7,264670266049.0
28.0,10.200000000000001,580.0,9.0,0.9,21.0,1.1,5908223645075.0
17.0,3.6,360.0,6.0,0.15,79.0,0.6000000000000001,6765064278088.0
25.0,13.8,380.0,35.0,0.53,13.0,2.8000000000000003,5678883174544.0
29.0,4.4,380.0,39.0,0.79,68.0,1.4000000000000001,1277041244038.0
49.0,5.4,570.0,81.0,0.6,52.0,3.5,3274606149822.0
22.0,13.200000000000001,820.0,18.0,0.5,57.0,2.0,597850830043.0
34.0,8.4,430.0,47.0,0.91,1.0,1.2000000000000002,6900064470976.0
40.0,2.7,600.0,60.0,0.8300000000000001,94.0,1.0,7485655377117.0
45.0,4.7,70.0,75.0,0.62,44.0,2.9000000000000004,9227955543374.0
37.0,0.0,510.0,78.0,0.68,20.0,2.1,1338625387303.0
24.0,0.7000000000000001,110.0,89.0,0.34,96.0,0.5,4177607016786.0
47.0,8.9,490.0,34.0,0.31,79.0,3.7,7987469117295.0
35.0,12.0,690.0,38.0,0.92,78.0,1.2000000000000002,2619998584954.0
31.0,3.4000000000000004,480.0,28.0,0.28,40.0,1.5,9378783491127.0
23.0,3.6,630.0,93.0,0.27,58.0,2.3000000000000003,5061533040520.0
49.0,7.9,620.0,69.0,0.68,67.0,2.4000000000000004,7247202661624.0
40.0,13.8,960.0,35.0,0.5700000000000001,82.0,1.3,1968039918281.0
30.0,1.6,200.0,69.0,0.75,5.0,1.4000000000000001,9113289585128.0
44.0,5.1000000000000005,610.0,78.0,0.02,18.0,3.7,4370544506577.0
45.0,2.0,200.0,8.0,0.52,52.0,3.8000000000000003,1626879183999.0
16.0,9.4,400.0,53.0,0.14,16.0,3.6,8242155952402.0
22.0,13.100000000000001,750.0,49.0,0.3,40.0,1.7000000000000002,6543208558984.0
20.0,10.3,800.0,43.0,0.85,63.0,3.6,8244460964488.0
26.0,8.5,990.0,85.0,0.6,36.0,2.0,4896237489152.0
47.0,0.4,150.0,84.0,0.28,89.0,0.7000000000000001,7020586043543.0
33.0,3.3000000000000003,740.0,80.0,0.48,80.0,0.6000000000000001,9364381834095.0
44.0,5.2,960.0,66.0,0.81,99.0,1.7000000000000002,8996850060039.0
23.0,4.9,460.0,59.0,0.8200000000000001,37.0,2.1,8218101052347.0
20.0,12.0,610.0,32.0,0.41000000000000003,63.0,1.4000000000000001,7332751474771.0
20.0,7.6000000000000005,450.0,95.0,0.3,47.0,2.6,8737455040277.0
22.0,2.4000000000000004,570.0,59.0,0.8200000000000001,81.0,1.6,7255059097326.0
29.0,10.600000000000001,850.0,86.0,0.37,91.0,1.3,7772151918056.0
26.0,7.1000000000000005,130.0,84.0,0.45,93.0,3.6,4920539538270.0
29.0,4.2,620.0,88.0,0.19,9.0,3.1,8222323197846.0
17.0,0.2,440.0,8.0,0.19,93.0,1.1,649710522678.0
47.0,10.200000000000001,280.0,91.0,0.48,21.0,3.0,1565422571364.0
25.0,4.800000000000001,460.0,12.0,0.04,26.0,2.8000000000000003,4398260190594.0
16.0,2.5,180.0,61.0,0.49,56.0,3.2,1886490561264.0
24.0,8.700000000000001,200.0,78.0,0.02,1.0,3.8000000000000003,6275547386586.0
42.0,0.9,600.0,2.0,0.9400000000000001,62.0,0.6000000000000001,4854565112255.0
40.0,10.3,250.0,33.0,0.97,5.0,0.9,9259442712812.0
30.0,6.0,130.0,47.0,0.64,37.0,2.0,655323220102.0
31.0,11.200000000000001,780.0,0.0,0.63,64.0,1.7000000000000002,1304085129608.0
31.0,6.4,140.0,68.0,0.14,21.0,2.2,9510913786751.0
39.0,10.9,810.0,25.0,0.58,71.0,3.9000000000000004,1137965255307.0
25.0,11.8,720.0,25.0,0.5,66.0,2.9000000000000004,9767707883125.0
42.0,10.700000000000001,160.0,62.0,0.11,82.0,2.9000000000000004,1108378865812.0
37.0,6.6000000000000005,80.0,94.0,0.85,62.0,0.9,1303896317209.0
18.0,9.5,360.0,37.0,0.56,79.0,3.2,3495002324579.0
32.0,7.4,380.0,31.0,0.98,42.0,0.9,1204798347815.0
16.0,10.200000000000001,800.0,0.0,0.03,14.0,0.6000000000000001,7997360007373.0
33.0,12.600000000000001,530.0,49.0,0.2,56.0,1.8,7723156716650.0
25.0,6.9,780.0,93.0,0.37,40.0,1.2000000000000002,6160891133916.0
33.0,7.4,610.0,51.0,0.22,19.0,1.0,8284721502761.0
40.0,1.9000000000000001,760.0,58.0,0.21,57.0,0.9,6398350474754.0
31.0,9.200000000000001,120.0,22.0,0.2,39.0,3.0,3243223534765.0
27.0,2.9000000000000004,860.0,92.0,0.9400000000000001,75.0,0.7000000000000001,617956743532.0
28.0,13.600000000000001,570.0,0.0,0.53,18.0,1.5,7794569609117.0
16.0,9.600000000000001,790.0,62.0,0.55,42.0,2.9000000000000004,8086311916142.0
47.0,3.2,760.0,95.0,0.07,68.0,2.0,77974324859.0
26.0,11.600000000000001,580.0,35.0,0.56,77.0,2.0,5761845222152.0
42.0,3.1,870.0,88.0,0.76,94.0,0.6000000000000001,123120697187.0
25.0,6.2,930.0,34.0,0.0,75.0,3.5,1806816406988.0
18.0,13.600000000000001,720.0,31.0,0.26,72.0,3.1,8739066078078.0
34.0,8.200000000000001,50.0,30.0,0.98,59.0,2.5,7704640573329.0
44.0,4.6000000000000005,640.0,30.0,0.73,37.0,3.0,9476738369214.0
42.0,10.9,600.0,27.0,0.39,16.0,3.0,6252409072988.0
15.0,3.8000000000000003,220.0,5.0,0.9400000000000001,41.0,3.0,3573212736498.0
25.0,3.0,550.0,81.0,0.81,11.0,3.5,7502751642723.0
20.0,8.6,140.0,97.0,0.6,34.0,0.5,1741764438620.0
39.0,8.700000000000001,650.0,77.0,0.17,82.0,1.1,1410482205211.0
39.0,3.7,680.0,34.0,0.03,47.0,3.0,2383745361224.0
45.0,11.3,70.0,76.0,0.26,43.0,3.0,1904736628073.0
31.0,9.1,850.0,57.0,0.24,64.0,2.7,8922475659269.0
47.0,9.1,880.0,48.0,0.64,16.0,3.6,4457555029035.0
36.0,5.0,480.0,0.0,0.24,58.0,1.0,2666302267538.0
42.0,5.300000000000001,840.0,32.0,0.36,9.0,0.7000000000000001,3870204300419.0
29.0,7.300000000000001,970.0,85.0,0.1,86.0,3.8000000000000003,6158378446012.0
44.0,4.9,540.0,17.0,0.77,24.0,3.7,6215100186981.0
39.0,5.5,890.0,13.0,0.13,11.0,3.4000000000000004,9697046647463.0
49.0,11.200000000000001,890.0,20.0,0.76,63.0,1.0,7214441342016.0
30.0,7.1000000000000005,240.0,27.0,0.74,67.0,2.7,8593733397023.0
17.0,12.0,690.0,95.0,0.21,76.0,3.0,2689170455632.0
44.0,0.0,200.0,45.0,0.97,86.0,3.2,2812697546657.0
39.0,13.9,440.0,33.0,0.17,84.0,3.5,3365548813821.0
35.0,5.7,440.0,57.0,0.85,73.0,0.6000000000000001,2025438171502.0
35.0,10.4,520.0,73.0,0.76,16.0,0.6000000000000001,8517201316758.0
32.0,4.9,730.0,87.0,0.97,38.0,3.3000000000000003,2018406169669.0
17.0,2.4000000000000004,910.0,9.0,0.02,89.0,3.5,8066486218914.0
17.0,12.100000000000001,640.0,48.0,0.4,67.0,3.1,5236166981184.0
38.0,12.8,840.0,38.0,0.2,71.0,2.5,8819374745830.0
33.0,3.0,460.0,60.0,0.96,58.0,3.2,7584580528066.0
35.0,9.600000000000001,730.0,4.0,0.61,39.0,1.2000000000000002,4448926267938.0
29.0,12.5,960.0,93.0,0.34,21.0,0.5,739206662588.0
45.0,7.300000000000001,850.0,80.0,0.63,43.0,2.7,6808728901242.0
46.0,13.9,450.0,86.0,0.08,94.0,2.4000000000000004,5368737298727.0
42.0,10.600000000000001,310.0,19.0,0.28,69.0,1.2000000000000002,5790120510350.0
20.0,12.100000000000001,980.0,18.0,0.78,41.0,1.4000000000000001,7216172729103.0
20.0,11.600000000000001,410.0,11.0,0.04,71.0,3.3000000000000003,3577465970647.0
29.0,9.600000000000001,680.0,32.0,0.76,27.0,1.2000000000000002,9933559154006.0
15.0,9.600000000000001,260.0,87.0,0.5,0.0,0.5,874302138509.0
16.0,9.5,140.0,13.0,0.85,19.0,1.7000000000000002,9085099686855.0
44.0,3.7,630.0,29.0,0.68,23.0,3.1,40397709768.0
37.0,4.2,600.0,14.0,0.9,10.0,3.9000000000000004,9314221476670.0
18.0,9.9,90.0,94.0,0.55,69.0,1.9000000000000001,8120701478133.0
30.0,7.2,160.0,31.0,0.37,5.0,2.3000000000000003,2811712871354.0
32.0,10.100000000000001,820.0,8.0,0.71,9.0,1.1,6398429056052.0
45.0,4.7,880.0,56.0,0.8200000000000001,33.0,2.5,4158066423507.0
40.0,3.8000000000000003,930.0,54.0,0.33,87.0,0.5,9663871882864.0
43.0,5.2,980.0,10.0,0.85,57.0,1.1,3561336323094.0
42.0,12.4,420.0,96.0,0.0,35.0,2.5,3245483320889.0
41.0,2.7,740.0,59.0,0.42,80.0,3.9000000000000004,9520126004060.0
18.0,5.5,170.0,65.0,0.71,70.0,1.4000000000000001,3607815805005.0
16.0,0.1,480.0,97.0,0.46,15.0,1.1,840906209685.0
32.0,6.2,490.0,45.0,0.6900000000000001,87.0,1.5,6490575886325.0
48.0,1.4000000000000001,470.0,29.0,0.18,8.0,0.8,9434487690271.0
43.0,1.4000000000000001,190.0,2.0,0.37,88.0,2.6,8967204749557.0
36.0,5.7,980.0,37.0,0.2,4.0,0.6000000000000001,3199601301497.0
37.0,0.8,870.0,2.0,0.64,27.0,2.6,4668162894936.0
47.0,8.1,870.0,55.0,0.72,54.0,3.8000000000000003,6812612958510.0
41.0,9.600000000000001,180.0,42.0,0.41000000000000003,23.0,3.4000000000000004,3521257721447.0
23.0,6.0,550.0,42.0,0.89,58.0,2.2,4946333686158.0
23.0,4.3,390.0,92.0,0.3,74.0,2.2,3238751335700.0
33.0,2.4000000000000004,400.0,35.0,0.38,4.0,1.0,5541475314105.0
30.0,11.8,980.0,62.0,0.7000000000000001,39.0,1.2000000000000002,7812321879404.0
33.0,1.0,480.0,87.0,0.9500000000000001,22.0,3.9000000000000004,2965526117003.0
16.0,12.0,740.0,6.0,0.98,28.0,2.6,2886548696278.0
39.0,0.0,70.0,13.0,0.66,98.0,2.4000000000000004,5350996281918.0
23.0,13.100000000000001,960.0,29.0,0.62,61.0,3.8000000000000003,3903248318926.0
40.0,3.4000000000000004,480.0,90.0,0.07,75.0,2.5,8908164681118.0
27.0,13.200000000000001,510.0,7.0,0.78,58.0,2.2,8034998190223.0
36.0,10.700000000000001,780.0,4.0,0.25,11.0,2.3000000000000003,2974167955320.0
40.0,6.800000000000001,450.0,95.0,0.26,94.0,1.8,4551372848366.0
39.0,4.9,140.0,75.0,0.19,8.0,3.4000000000000004,2710398750017.0
44.0,7.1000000000000005,820.0,17.0,0.88,5.0,2.9000000000000004,1349173790769.0
46.0,8.0,880.0,75.0,0.85,79.0,3.8000000000000003,8906904437967.0
37.0,3.4000000000000004,960.0,84.0,0.06,53.0,3.4000000000000004,7870497080958.0
48.0,1.3,200.0,39.0,0.48,81.0,0.7000000000000001,1133141539075.0
20.0,10.3,500.0,46.0,0.88,19.0,0.9,8109034521805.0
29.0,12.200000000000001,780.0,15.0,0.0,96.0,1.4000000000000001,5323359516212.0
46.0,0.9,220.0,85.0,0.1,5.0,3.7,1476595619840.0
30.0,10.200000000000001,80.0,15.0,0.25,22.0,2.2,1536978138125.0
46.0,3.3000000000000003,810.0,81.0,0.25,10.0,0.8,6093147315606.0
21.0,3.0,360.0,42.0,0.99,66.0,3.9000000000000004,9537655259057.0
25.0,4.1000000000000005,310.0,78.0,0.38,19.0,1.9000000000000001,9368306184940.0
32.0,11.700000000000001,950.0,99.0,0.6,49.0,1.3,760941347216.0
46.0,4.5,650.0,64.0,0.42,84.0,2.8000000000000003,9037663910976.0
21.0,2.3000000000000003,280.0,43.0,0.5700000000000001,70.0,1.3,4548268196370.0
40.0,2.0,360.0,60.0,0.15,75.0,1.7000000000000002,5057082609911.0
45.0,9.4,410.0,50.0,0.87,59.0,1.8,5978931849154.0
32.0,0.8,70.0,51.0,0.26,26.0,0.7000000000000001,2316674505383.0
39.0,11.8,210.0,1.0,0.25,9.0,2.6,897494809397.0
49.0,6.5,280.0,19.0,0.3,5.0,2.3000000000000003,3810727873359.0
27.0,3.2,840.0,38.0,0.27,26.0,0.6000000000000001,7688426139044.0
41.0,8.700000000000001,620.0,11.0,0.49,80.0,3.4000000000000004,7399575302500.0
37.0,0.0,950.0,22.0,0.88,29.0,3.5,8502302961081.0
39.0,4.0,230.0,99.0,0.59,27.0,2.5,4695482163306.0
33.0,5.5,400.0,83.0,0.3,46.0,2.9000000000000004,1344160775058.0
32.0,6.7,710.0,45.0,0.93,18.0,2.5,283235734317.0
18.0,11.100000000000001,240.0,36.0,0.13,53.0,2.4000000000000004,2260448012604.0
26.0,12.5,730.0,67.0,0.52,4.0,0.5,7722948408184.0
31.0,3.5,220.0,11.0,0.19,27.0,3.4000000000000004,3663863117789.0
27.0,12.600000000000001,990.0,18.0,0.84,49.0,2.8000000000000003,2376589720802.0
37.0,4.5,580.0,25.0,0.04,96.0,3.3000000000000003,8434487746434.0
40.0,5.0,90.0,57.0,0.76,57.0,2.1,3732583470009.0
19.0,12.3,820.0,48.0,0.87,98.0,2.1,2712910310546.0
48.0,7.800000000000001,110.0,79.0,0.5,49.0,2.2,4694768187315.0
17.0,10.8,990.0,44.0,0.92,99.0,2.9000000000000004,2916115439351.0
21.0,4.5,880.0,99.0,0.87,14.0,1.4000000000000001,2022008365458.0
30.0,11.4,420.0,68.0,0.67,83.0,0.7000000000000001,7670514170481.0
24.0,7.7,240.0,10.0,0.09,54.0,3.1,539944238984.0
48.0,4.0,440.0,8.0,0.31,50.0,2.7,7763231562414.0
17.0,3.6,280.0,14.0,0.8300000000000001,74.0,2.6,7250173703900.0
43.0,1.4000000000000001,160.0,35.0,0.4,16.0,1.4000000000000001,5942458723089.0
19.0,9.1,540.0,74.0,0.33,9.0,0.8,8319444725493.0
26.0,0.1,910.0,1.0,0.18,6.0,2.4000000000000004,7217753817431.0
49.0,11.0,930.0,98.0,0.16,96.0,0.8,1304265459852.0
28.0,13.9,370.0,25.0,0.16,2.0,2.9000000000000004,4418175195954.0
44.0,8.700000000000001,140.0,16.0,0.88,66.0,3.3000000000000003,232637969815.0
45.0,10.0,870.0,90.0,0.9,39.0,0.6000000000000001,8898479100668.0
36.0,12.5,760.0,99.0,0.8,95.0,1.2000000000000002,5226537760642.0
44.0,8.3,910.0,72.0,0.06,43.0,3.4000000000000004,2845489431275.0
17.0,5.800000000000001,440.0,66.0,0.03,36.0,3.4000000000000004,188665489545.0
19.0,4.800000000000001,420.0,80.0,0.44,71.0,1.1,3016123357913.0
41.0,12.4,730.0,14.0,0.6,7.0,0.7000000000000001,3706341937364.0
21.0,2.0,130.0,73.0,0.53,45.0,1.3,8318995458346.0
28.0,5.5,60.0,56.0,0.33,38.0,1.8,3840578747373.0
32.0,10.3,300.0,43.0,0.8200000000000001,91.0,1.5,5985216781047.0
38.0,6.1000000000000005,590.0,92.0,0.1,53.0,1.9000000000000001,7775061026021.0
45.0,8.6,930.0,48.0,0.21,90.0,2.2,5253037456828.0
17.0,6.800000000000001,550.0,87.0,0.64,81.0,1.6,1961903307289.0
18.0,1.5,490.0,34.0,0.5,27.0,1.3,4301709720395.0
31.0,11.3,60.0,11.0,0.76,19.0,3.4000000000000004,8314611297587.0
19.0,8.3,320.0,79.0,0.12,64.0,3.1,3356695786975.0
34.0,13.100000000000001,660.0,9.0,0.89,52.0,2.0,6266385770832.0
36.0,9.600000000000001,80.0,26.0,0.55,92.0,3.7,7742761697882.0
34.0,1.9000000000000001,320.0,96.0,0.05,95.0,1.5,6030986839826.0
27.0,7.7,630.0,88.0,0.16,6.0,2.6,3223508608053.0
40.0,9.1,790.0,28.0,0.77,59.0,0.7000000000000001,2258674196338.0
28.0,7.6000000000000005,230.0,25.0,0.09,46.0,1.9000000000000001,4860274000977.0
38.0,0.4,360.0,51.0,0.01,43.0,0.6000000000000001,2892874040818.0
47.0,2.3000000000000003,660.0,12.0,0.51,36.0,2.6,3879810432198.0
45.0,9.8,200.0,53.0,0.29,95.0,3.9000000000000004,1852464635989.0
43.0,5.6000000000000005,510.0,16.0,0.56,4.0,1.1,627278422575.0
18.0,1.9000000000000001,100.0,10.0,0.92,7.0,2.8000000000000003,6716941641919.0
45.0,7.800000000000001,540.0,98.0,0.34,94.0,0.8,4825040006395.0
42.0,10.100000000000001,140.0,77.0,0.8300000000000001,6.0,3.7,1941443714897.0
17.0,8.3,690.0,40.0,0.71,8.0,2.6,9093030844269.0
19.0,5.7,100.0,88.0,0.7000000000000001,29.0,2.8000000000000003,1642726407686.0
20.0,10.600000000000001,500.0,62.0,0.68,71.0,3.0,5542017546237.0
41.0,10.100000000000001,420.0,89.0,0.2,73.0,3.3000000000000003,3150659718527.0
17.0,8.1,100.0,27.0,0.0,85.0,3.5,4086452073648.0
24.0,9.8,200.0,89.0,0.76,29.0,1.2000000000000002,7153190100397.0
27.0,1.1,380.0,27.0,0.21,57.0,2.6,1362408389771.0
27.0,13.700000000000001,500.0,83.0,0.15,43.0,3.0,1091113125769.0
25.0,3.3000000000000003,490.0,52.0,0.89,62.0,3.8000000000000003,8974999631965.0
27.0,12.600000000000001,110.0,43.0,0.44,61.0,2.6,2263767011821.0
24.0,8.3,100.0,81.0,0.59,56.0,1.0,2785632426634.0
18.0,4.5,60.0,6.0,0.8300000000000001,81.0,0.8,8742316913549.0
43.0,8.5,990.0,33.0,0.21,95.0,1.0,1337107675288.0
39.0,1.8,890.0,41.0,0.73,35.0,0.8,7432753543703.0
26.0,9.5,440.0,47.0,0.86,8.0,3.9000000000000004,177873069233.0
29.0,8.9,390.0,48.0,0.61,41.0,1.9000000000000001,8492382143088.0
27.0,13.4,770.0,57.0,0.85,10.0,1.8,9536768001211.0
44.0,11.200000000000001,380.0,6.0,0.6,58.0,3.1,2087427568255.0
34.0,4.800000000000001,850.0,66.0,0.51,42.0,2.5,4444345249296.0
24.0,0.6000000000000001,800.0,53.0,0.99,75.0,3.9000000000000004,7643031927993.0
30.0,13.5,360.0,47.0,0.7000000000000001,84.0,3.8000000000000003,9845693815755.0
35.0,8.700000000000001,200.0,2.0,0.02,27.0,1.4000000000000001,9626758850403.0
16.0,1.3,270.0,13.0,0.43,60.0,3.8000000000000003,2060176822090.0
30.0,9.0,790.0,48.0,0.12,80.0,3.1,6502972554462.0
41.0,1.3,810.0,87.0,0.24,55.0,0.6000000000000001,5235599299642.0
49.0,6.2,330.0,90.0,0.35000000000000003,65.0,0.5,9179482905696.0
39.0,6.2,670.0,47.0,0.12,29.0,1.0,7866635921560.0
49.0,9.9,860.0,34.0,0.54,58.0,0.9,2999552313647.0
41.0,2.5,530.0,61.0,0.61,48.0,2.5,851824801140.0
21.0,5.5,700.0,1.0,0.27,56.0,3.5,4472637584005.0
38.0,2.1,810.0,13.0,0.09,73.0,0.5,3161519354249.0
35.0,8.5,760.0,10.0,0.67,89.0,0.8,9523497230907.0
47.0,6.5,290.0,51.0,0.21,58.0,0.6000000000000001,1968692143260.0
16.0,8.3,330.0,67.0,0.9500000000000001,61.0,2.6,5696006962996.0
29.0,8.700000000000001,760.0,83.0,0.07,27.0,0.6000000000000001,8858488929293.0
43.0,1.8,940.0,65.0,0.38,10.0,1.9000000000000001,3164584238179.0
21.0,7.1000000000000005,780.0,82.0,0.64,10.0,0.7000000000000001,1333451527316.0
15.0,6.5,560.0,5.0,0.41000000000000003,89.0,3.6,2877523620087.0
38.0,2.4000000000000004,680.0,20.0,0.96,24.0,2.2,6332915825372.0
26.0,4.0,50.0,90.0,0.97,3.0,1.8,2846629597301.0
46.0,5.1000000000000005,80.0,87.0,0.08,24.0,1.2000000000000002,5198961406368.0
30.0,1.7000000000000002,200.0,31.0,0.24,20.0,2.1,7008849127770.0
48.0,1.4000000000000001,190.0,93.0,0.5700000000000001,65.0,0.7000000000000001,2683265145716.0
35.0,4.3,720.0,99.0,0.14,43.0,1.5,2680868780641.0
29.0,8.200000000000001,590.0,42.0,0.07,62.0,2.9000000000000004,8763795769167.0
43.0,5.4,940.0,91.0,0.8,18.0,2.8000000000000003,7392461820168.0
16.0,1.6,660.0,7.0,0.44,62.0,2.1,204947923324.0
17.0,4.4,770.0,41.0,0.8300000000000001,93.0,3.7,8798513431392.0
43.0,10.5,760.0,76.0,0.6,63.0,3.3000000000000003,7364183241739.0
30.0,10.200000000000001,120.0,92.0,0.71,92.0,3.7,1544717108726.0
19.0,6.6000000000000005,880.0,15.0,0.78,74.0,2.6,4172648242054.0
18.0,5.9,630.0,80.0,0.0,51.0,3.2,6000393086907.0
40.0,8.4,720.0,98.0,0.33,43.0,3.0,1717841348741.0
16.0,2.2,540.0,47.0,0.02,11.0,3.0,3984338580500.0
15.0,7.0,160.0,31.0,0.13,13.0,1.8,3204286434992.0
46.0,9.700000000000001,530.0,96.0,0.52,86.0,1.2000000000000002,562801542848.0
25.0,3.5,860.0,44.0,0.68,50.0,1.4000000000000001,900955519245.0
45.0,10.100000000000001,50.0,54.0,0.91,10.0,0.7000000000000001,571900843121.0
31.0,2.2,760.0,37.0,0.11,86.0,0.5,9047662699197.0
24.0,11.100000000000001,790.0,80.0,0.23,33.0,2.6,8398411142246.0
29.0,4.7,200.0,18.0,0.75,94.0,3.1,2164946465435.0
29.0,7.2,290.0,30.0,0.86,26.0,0.9,3141291090969.0
27.0,13.200000000000001,770.0,81.0,0.72,84.0,2.5,7829292255159.0
28.0,9.200000000000001,920.0,64.0,0.58,7.0,1.3,6964539766702.0
31.0,2.1,880.0,3.0,0.51,42.0,0.7000000000000001,9141435960939.0
42.0,12.9,250.0,50.0,0.53,77.0,2.7,6063994582409.0
32.0,2.6,180.0,70.0,0.2,57.0,1.9000000000000001,4448015109536.0
46.0,9.200000000000001,180.0,39.0,0.01,98.0,2.4000000000000004,6347293839569.0
44.0,8.9,700.0,38.0,0.64,66.0,2.4000000000000004,5000885629735.0
46.0,7.9,340.0,34.0,0.28,33.0,3.8000000000000003,3870103051321.0
15.0,3.4000000000000004,530.0,1.0,0.49,21.0,1.0,3687264639418.0
34.0,11.8,920.0,29.0,0.46,26.0,3.1,3250192504020.0
16.0,3.3000000000000003,150.0,51.0,0.76,4.0,2.8000000000000003,3061090716875.0
41.0,12.9,320.0,2.0,0.28,55.0,2.2,7121582361901.0
31.0,4.5,890.0,80.0,0.06,18.0,3.4000000000000004,2221800252154.0
45.0,10.700000000000001,900.0,7.0,0.22,87.0,1.6,3633722381302.0
18.0,13.4,620.0,0.0,0.24,97.0,2.7,2763165178349.0
40.0,11.9,900.0,37.0,0.32,93.0,1.6,2168337035272.0
41.0,5.300000000000001,930.0,73.0,0.66,42.0,3.9000000000000004,2143274630554.0
40.0,4.800000000000001,390.0,22.0,0.66,31.0,1.5,7400573013584.0
26.0,5.1000000000000005,330.0,38.0,0.98,63.0,1.8,985453944064.0
21.0,5.0,80.0,10.0,0.05,70.0,3.1,3465825290893.0
33.0,13.600000000000001,210.0,17.0,0.89,40.0,3.0,3632212704446.0
24.0,9.3,560.0,36.0,0.32,93.0,3.0,8311214441364.0
33.0,10.200000000000001,950.0,71.0,0.9500000000000001,63.0,1.9000000000000001,1477805137641.0
36.0,2.7,300.0,96.0,0.79,57.0,3.4000000000000004,4235241041243.0
39.0,2.3000000000000003,240.0,93.0,0.6,8.0,1.5,7029754412214.0
20.0,1.5,700.0,77.0,0.6,83.0,3.8000000000000003,6172592639478.0
41.0,12.5,270.0,20.0,0.27,40.0,1.4000000000000001,8163313706236.0
44.0,0.2,890.0,76.0,0.26,44.0,2.7,1930998144618.0
15.0,11.700000000000001,100.0,2.0,0.53,8.0,2.9000000000000004,8637063110130.0
32.0,6.800000000000001,380.0,13.0,0.71,52.0,2.3000000000000003,3747340579157.0
47.0,11.600000000000001,120.0,77.0,0.09,41.0,3.9000000000000004,8744812970426.0
31.0,6.800000000000001,230.0,13.0,0.28,44.0,0.9,8048655015970.0
47.0,9.600000000000001,80.0,69.0,0.41000000000000003,93.0,0.5,3405165163349.0
47.0,2.6,460.0,94.0,0.2,80.0,1.4000000000000001,959705082813.0
15.0,8.8,700.0,46.0,0.22,81.0,3.3000000000000003,1578350082216.0
36.0,7.9,830.0,59.0,0.52,54.0,3.9000000000000004,7973722282617.0
20.0,12.3,720.0,76.0,0.02,58.0,2.2,7242301541588.0
42.0,13.200000000000001,610.0,73.0,0.05,75.0,3.1,2359047152969.0
16.0,3.3000000000000003,440.0,24.0,0.35000000000000003,71.0,1.2000000000000002,940321145362.0
29.0,2.6,400.0,39.0,0.12,68.0,2.2,5810431668176.0
41.0,13.9,190.0,21.0,0.9400000000000001,99.0,3.6,1447260022884.0
20.0,6.0,950.0,24.0,0.09,80.0,3.5,4973035673004.0
49.0,13.5,130.0,60.0,0.33,70.0,0.5,8361007968784.0
47.0,13.0,770.0,5.0,0.2,1.0,2.9000000000000004,5856037606219.0
36.0,8.1,970.0,19.0,0.98,41.0,3.4000000000000004,9946021420416.0
22.0,4.7,490.0,77.0,0.44,87.0,1.0,6019273062692.0
20.0,11.3,140.0,3.0,0.24,10.0,2.6,8491976970144.0
28.0,5.6000000000000005,700.0,69.0,0.78,71.0,2.8000000000000003,392798590351.0
46.0,11.3,670.0,54.0,0.06,39.0,2.6,2898343675738.0
35.0,3.8000000000000003,100.0,36.0,0.16,13.0,2.3000000000000003,3281155786354.0
33.0,3.6,350.0,4.0,0.5700000000000001,50.0,0.5,8967491168346.0
16.0,7.0,200.0,11.0,0.65,90.0,0.7000000000000001,5805786533191.0
40.0,10.600000000000001,820.0,40.0,0.66,36.0,0.6000000000000001,8301436623863.0
49.0,6.9,980.0,83.0,0.85,49.0,1.8,5076928060806.0
32.0,9.700000000000001,900.0,84.0,0.2,97.0,3.8000000000000003,8623512130363.0
16.0,3.0,70.0,71.0,0.6900000000000001,42.0,2.6,9327181557528.0
42.0,10.100000000000001,960.0,9.0,0.88,67.0,2.5,3328905251848.0
17.0,9.4,400.0,54.0,0.79,9.0,1.0,2994378795379.0
27.0,9.0,860.0,21.0,0.91,55.0,1.6,4407048684810.0
35.0,9.4,830.0,36.0,0.37,67.0,1.2000000000000002,257605981872.0
29.0,9.8,680.0,22.0,0.77,75.0,3.6,4511883885620.0
18.0,10.4,190.0,61.0,0.33,3.0,2.9000000000000004,7064366783131.0
32.0,8.700000000000001,930.0,61.0,0.51,42.0,2.4000000000000004,3555049222755.0
24.0,3.8000000000000003,750.0,2.0,0.85,97.0,2.7,7618072427191.0
42.0,2.5,560.0,80.0,0.96,54.0,2.1,8551660671968.0
15.0,13.9,90.0,96.0,0.76,41.0,1.6,8348058112387.0
44.0,8.700000000000001,530.0,7.0,0.05,89.0,1.8,6920425516936.0
16.0,11.700000000000001,840.0,97.0,0.34,77.0,1.5,1809795843919.0
33.0,5.4,830.0,56.0,0.2,90.0,1.9000000000000001,4266637187870.0
32.0,0.1,270.0,86.0,0.46,32.0,1.6,8271506869761.0
16.0,8.700000000000001,580.0,17.0,0.77,91.0,1.1,3011873726865.0
49.0,1.8,240.0,87.0,0.42,81.0,3.0,3310014592603.0
19.0,10.4,320.0,89.0,0.91,94.0,2.9000000000000004,8281534122884.0
40.0,10.3,730.0,54.0,0.54,82.0,3.1,7675190631219.0
20.0,4.9,240.0,76.0,0.48,14.0,2.3000000000000003,939240362890.0
28.0,7.9,990.0,99.0,0.97,78.0,1.5,9119315190821.0
49.0,9.600000000000001,320.0,55.0,0.35000000000000003,96.0,0.6000000000000001,5372070403633.0
48.0,13.0,630.0,12.0,0.27,84.0,1.5,5927033777680.0
48.0,1.1,490.0,65.0,0.16,34.0,3.2,5767734715422.0
41.0,13.100000000000001,720.0,30.0,0.9400000000000001,38.0,0.9,1061393465879.0
25.0,9.1,850.0,32.0,0.77,77.0,3.5,1930590729234.0
40.0,13.4,660.0,82.0,0.21,20.0,2.9000000000000004,1248224967160.0
16.0,11.200000000000001,780.0,32.0,0.42,44.0,0.5,6610856545135.0
35.0,13.5,730.0,73.0,0.71,5.0,3.0,5271472807961.0
22.0,0.6000000000000001,800.0,66.0,0.28,43.0,0.8,1511760169340.0
18.0,12.9,830.0,63.0,0.51,67.0,2.6,5110496636530.0
44.0,0.2,900.0,60.0,0.71,10.0,2.4000000000000004,1070382613562.0
24.0,8.0,200.0,48.0,0.99,34.0,1.5,8815249055028.0
47.0,7.9,370.0,59.0,0.02,50.0,3.1,324446262165.0
40.0,2.4000000000000004,570.0,22.0,0.77,82.0,1.9000000000000001,3083915021821.0
31.0,13.700000000000001,660.0,1.0,0.93,92.0,0.6000000000000001,9078835096212.0
45.0,2.1,540.0,66.0,0.11,20.0,0.6000000000000001,2606312837509.0
26.0,0.6000000000000001,460.0,66.0,0.99,29.0,1.9000000000000001,7609024395442.0
29.0,1.0,860.0,11.0,0.93,97.0,0.8,3122819643914.0
49.0,3.4000000000000004,50.0,16.0,0.66,80.0,3.4000000000000004,6016823358281.0
17.0,13.3,250.0,75.0,0.99,60.0,2.0,3740051596086.0
31.0,6.0,400.0,11.0,0.07,39.0,1.0,5152544861931.0
17.0,1.7000000000000002,630.0,54.0,0.04,18.0,3.3000000000000003,8595487615813.0
31.0,3.0,650.0,56.0,0.63,28.0,3.6,600096449371.0
18.0,13.200000000000001,600.0,69.0,0.15,36.0,2.6,1560927371184.0
33.0,5.7,530.0,71.0,0.8300000000000001,56.0,3.4000000000000004,2931705949217.0
49.0,8.5,210.0,13.0,0.9400000000000001,7.0,3.2,5762442467091.0
30.0,13.100000000000001,160.0,63.0,0.81,98.0,2.9000000000000004,2093951781940.0
42.0,0.5,930.0,82.0,0.93,41.0,2.4000000000000004,5327659667589.0
16.0,8.4,670.0,47.0,0.05,77.0,3.6,1390281766175.0
36.0,1.4000000000000001,420.0,77.0,0.72,37.0,2.3000000000000003,1251077141431.0
17.0,3.8000000000000003,110.0,97.0,0.26,29.0,1.2000000000000002,4390963353904.0
37.0,8.200000000000001,360.0,24.0,0.18,28.0,3.4000000000000004,6304733135243.0
48.0,8.200000000000001,400.0,60.0,0.67,24.0,1.3,6454602294467.0
42.0,0.1,110.0,86.0,0.65,32.0,3.6,4685364637283.0
31.0,8.8,380.0,93.0,0.59,70.0,1.6,9343204084848.0
18.0,1.6,340.0,17.0,0.43,97.0,1.3,9880629791768.0
32.0,6.800000000000001,200.0,84.0,0.16,37.0,2.7,2427317716009.0
46.0,2.0,270.0,95.0,0.19,7.0,3.8000000000000003,9830920129796.0
29.0,3.2,830.0,44.0,0.34,81.0,2.1,8278083100951.0
41.0,9.9,320.0,52.0,0.71,42.0,1.3,6877491403763.0
34.0,8.9,220.0,70.0,0.81,38.0,0.6000000000000001,2073286155090.0
48.0,9.1,740.0,81.0,0.99,58.0,2.7,812979832470.0
35.0,1.4000000000000001,830.0,94.0,0.14,83.0,2.3000000000000003,2522936478329.0
47.0,11.8,400.0,97.0,0.19,5.0,2.3000000000000003,646804681752.0
47.0,7.2,330.0,90.0,0.16,53.0,1.3,4043363131868.0
43.0,6.9,140.0,82.0,0.12,69.0,2.5,4515967536839.0
22.0,11.4,280.0,44.0,0.87,67.0,3.0,3055728265711.0
16.0,12.700000000000001,210.0,58.0,0.85,28.0,2.2,6792568081478.0
47.0,2.3000000000000003,110.0,51.0,0.32,88.0,3.7,2129739783434.0
20.0,1.1,190.0,81.0,0.51,12.0,2.9000000000000004,5956303618048.0
26.0,1.3,330.0,10.0,0.74,94.0,2.7,3897125747032.0
25.0,3.9000000000000004,80.0,31.0,0.58,26.0,1.3,7920037332247.0
37.0,13.9,640.0,61.0,0.86,61.0,2.9000000000000004,1423694269710.0
25.0,6.4,720.0,11.0,0.97,43.0,1.4000000000000001,6824580741351.0
19.0,9.1,780.0,8.0,0.31,69.0,1.1,9361151353134.0
48.0,0.5,420.0,63.0,0.38,13.0,3.2,8163641198662.0
46.0,4.7,210.0,6.0,0.6,69.0,1.2000000000000002,6577822899960.0
45.0,10.0,830.0,67.0,0.3,17.0,1.3,8814621444508.0
31.0,2.2,930.0,40.0,0.24,13.0,3.2,9300523371601.0
17.0,0.1,930.0,66.0,0.54,17.0,1.3,6725358734232.0
36.0,1.1,470.0,51.0,0.41000000000000003,85.0,2.1,8132547089975.0
21.0,4.6000000000000005,340.0,55.0,0.27,40.0,2.1,5152595661869.0
39.0,9.1,890.0,35.0,0.09,6.0,3.1,4097885921468.0
37.0,7.6000000000000005,130.0,75.0,0.4,94.0,1.9000000000000001,834285859082.0
43.0,11.5,400.0,69.0,0.86,69.0,2.9000000000000004,9897456119137.0
33.0,2.9000000000000004,430.0,83.0,0.14,71.0,1.6,8291989001026.0
37.0,11.700000000000001,910.0,17.0,0.15,52.0,3.7,4972218828171.0
15.0,1.7000000000000002,940.0,6.0,0.56,16.0,3.5,1328319394658.0
42.0,5.2,690.0,78.0,0.05,66.0,3.4000000000000004,440039007808.0
30.0,8.8,280.0,66.0,0.08,27.0,3.6,2698007984916.0
29.0,11.3,140.0,0.0,0.96,41.0,2.6,7695770470858.0
17.0,6.800000000000001,960.0,10.0,0.05,99.0,1.7000000000000002,8289872791970.0
37.0,3.2,420.0,53.0,0.55,94.0,3.4000000000000004,597701910153.0
47.0,3.3000000000000003,600.0,59.0,0.12,45.0,3.9000000000000004,133771814176.0
23.0,7.7,650.0,12.0,0.55,62.0,1.7000000000000002,1803512815261.0
19.0,3.9000000000000004,320.0,54.0,0.71,78.0,2.6,7638155691060.0
26.0,12.3,490.0,15.0,0.5700000000000001,21.0,3.1,4373656246362.0
15.0,6.9,170.0,68.0,0.46,67.0,2.7,758233007576.0
40.0,0.6000000000000001,670.0,56.0,0.62,28.0,3.9000000000000004,802962930036.0
18.0,0.0,530.0,26.0,0.45,83.0,1.7000000000000002,7217302899034.0
18.0,10.0,610.0,98.0,0.39,32.0,1.0,6475146943828.0
34.0,11.0,580.0,74.0,0.63,65.0,1.2000000000000002,8866130548056.0
40.0,1.0,880.0,51.0,0.93,76.0,3.8000000000000003,411826823196.0
17.0,1.3,570.0,51.0,0.61,53.0,3.4000000000000004,625884288137.0
44.0,12.8,720.0,71.0,0.14,46.0,0.9,7482402143730.0
30.0,3.6,210.0,22.0,0.9500000000000001,43.0,1.5,7823300679013.0
36.0,12.8,360.0,44.0,0.63,53.0,2.2,7690215218429.0
22.0,12.100000000000001,930.0,57.0,0.64,87.0,2.4000000000000004,8841397158922.0
15.0,10.0,940.0,23.0,0.59,57.0,1.3,2166437824752.0
22.0,8.3,160.0,38.0,0.6,21.0,2.6,8267736548053.0
47.0,8.1,520.0,56.0,0.9,45.0,0.9,7748038586010.0
25.0,11.700000000000001,450.0,69.0,0.39,82.0,3.6,8931681661177.0
26.0,1.9000000000000001,510.0,85.0,0.9400000000000001,28.0,3.3000000000000003,999744581398.0
47.0,9.4,770.0,52.0,0.02,94.0,3.7,9141198759057.0
20.0,11.100000000000001,410.0,0.0,0.17,4.0,3.1,339955082132.0
34.0,2.3000000000000003,640.0,88.0,0.1,93.0,1.3,8054700839488.0
32.0,13.3,480.0,91.0,0.46,43.0,3.4000000000000004,691526659973.0
16.0,11.100000000000001,830.0,96.0,0.27,37.0,1.1,7306330964077.0
35.0,2.6,370.0,61.0,0.35000000000000003,73.0,3.7,7350280854550.0
47.0,5.4,700.0,50.0,0.45,86.0,1.6,8892177119961.0
33.0,11.3,440.0,30.0,0.35000000000000003,94.0,3.3000000000000003,6807243701194.0
35.0,3.2,430.0,65.0,0.48,60.0,1.3,2736586877747.0
19.0,10.5,120.0,49.0,0.63,45.0,2.9000000000000004,8660632352169.0
47.0,9.4,960.0,48.0,0.11,18.0,1.6,6168459644307.0
26.0,7.800000000000001,750.0,59.0,0.13,16.0,1.4000000000000001,9283076943241.0
44.0,9.9,630.0,19.0,0.5,6.0,2.1,9118906080497.0
45.0,11.100000000000001,950.0,62.0,0.8200000000000001,7.0,2.2,1309672596952.0
18.0,1.9000000000000001,620.0,25.0,0.27,6.0,3.0,5481933026066.0
26.0,9.600000000000001,300.0,34.0,0.74,61.0,2.7,3674932178474.0
46.0,0.5,60.0,91.0,0.86,26.0,0.7000000000000001,7649322331389.0
27.0,13.600000000000001,70.0,52.0,0.53,23.0,2.2,7815923063057.0
35.0,9.700000000000001,90.0,8.0,0.37,30.0,3.1,5127580031137.0
25.0,2.0,510.0,98.0,0.92,29.0,1.9000000000000001,6816313064417.0
16.0,12.200000000000001,840.0,69.0,0.89,50.0,1.9000000000000001,7091612966238.0
20.0,11.200000000000001,500.0,96.0,0.44,13.0,2.4000000000000004,6128706658176.0
49.0,5.5,570.0,68.0,0.93,20.0,1.4000000000000001,7764188332738.0
32.0,5.800000000000001,890.0,24.0,0.31,85.0,0.7000000000000001,6396703967602.0
19.0,12.4,600.0,1.0,0.03,66.0,1.1,4027303493592.0
18.0,13.600000000000001,550.0,74.0,0.49,12.0,3.4000000000000004,5560978002833.0
28.0,7.0,130.0,47.0,0.91,63.0,3.2,1916818169279.0
36.0,12.3,140.0,50.0,0.5,1.0,2.3000000000000003,1572671563739.0
28.0,3.8000000000000003,270.0,46.0,0.01,8.0,1.1,8304768383979.0
23.0,2.1,270.0,45.0,0.98,93.0,3.9000000000000004,9283314247509.0
41.0,4.0,490.0,65.0,0.09,83.0,3.3000000000000003,8227219210196.0
35.0,13.200000000000001,430.0,34.0,0.39,69.0,3.7,9091016980700.0
21.0,2.9000000000000004,260.0,5.0,0.74,49.0,1.9000000000000001,3568072263787.0
27.0,9.8,80.0,34.0,0.12,1.0,2.0,2874638802371.0
28.0,6.0,770.0,0.0,0.92,47.0,2.3000000000000003,3014076829514.0
40.0,1.4000000000000001,730.0,37.0,0.58,71.0,2.6,3489554720217.0
17.0,5.4,220.0,52.0,0.63,68.0,1.7000000000000002,9745253534961.0
23.0,9.8,680.0,20.0,0.52,31.0,3.7,3654482399103.0
44.0,2.4000000000000004,100.0,67.0,0.85,59.0,1.8,8541117558627.0
35.0,12.200000000000001,550.0,64.0,0.67,0.0,1.1,6038625524518.0
21.0,7.9,700.0,58.0,0.7000000000000001,11.0,3.2,7112784501272.0
39.0,9.0,130.0,53.0,0.56,0.0,1.8,7155883707388.0
49.0,1.1,870.0,47.0,0.53,73.0,2.9000000000000004,2885164348020.0
16.0,10.700000000000001,790.0,18.0,0.22,14.0,0.5,8053395308566.0
38.0,0.1,250.0,29.0,0.26,8.0,1.5,8559071386668.0
21.0,8.5,680.0,6.0,0.09,71.0,3.2,4690022419712.0
24.0,10.9,370.0,59.0,0.46,98.0,3.4000000000000004,4983218963115.0
16.0,8.1,210.0,4.0,0.8,22.0,0.9,6425892415530.0
24.0,2.5,280.0,33.0,0.86,77.0,0.7000000000000001,511531914210.0
23.0,5.9,640.0,91.0,0.38,40.0,1.4000000000000001,8018521449374.0
26.0,11.200000000000001,570.0,31.0,0.15,88.0,0.7000000000000001,8264779534487.0
39.0,11.100000000000001,110.0,15.0,0.87,4.0,2.4000000000000004,9767067418747.0
16.0,0.6000000000000001,320.0,75.0,0.64,0.0,0.6000000000000001,1607886812802.0
19.0,11.600000000000001,100.0,2.0,0.56,6.0,0.8,9325287407669.0
15.0,3.0,900.0,44.0,0.52,68.0,2.1,2760969210161.0
18.0,7.0,190.0,0.0,0.39,42.0,3.0,3965793035412.0
18.0,10.700000000000001,70.0,74.0,0.01,58.0,0.8,225190967221.0
30.0,8.1,330.0,50.0,0.16,11.0,1.1,9303743248380.0
30.0,5.7,710.0,11.0,0.64,55.0,2.1,7032273977610.0
15.0,12.200000000000001,270.0,58.0,0.52,53.0,1.9000000000000001,8426316882337.0
42.0,3.5,920.0,97.0,0.68,96.0,1.0,5864584212443.0
40.0,12.600000000000001,900.0,58.0,0.21,30.0,3.5,4353407041033.0
15.0,6.2,850.0,65.0,0.43,12.0,3.0,6063209719380.0
43.0,12.9,700.0,24.0,0.29,38.0,3.6,720822805270.0
34.0,4.3,230.0,60.0,0.2,73.0,2.2,5163869727698.0
37.0,6.4,200.0,52.0,0.76,4.0,2.2,6061410510278.0
17.0,2.9000000000000004,210.0,70.0,0.9400000000000001,17.0,1.5,284999636288.0
32.0,10.9,860.0,11.0,0.33,97.0,1.3,6267665278176.0
38.0,6.9,490.0,25.0,0.81,5.0,1.1,9776314954631.0
17.0,12.3,730.0,4.0,0.04,68.0,2.3000000000000003,9041158615197.0
18.0,6.5,850.0,80.0,0.25,93.0,3.8000000000000003,7896409641844.0
39.0,1.4000000000000001,890.0,27.0,0.24,19.0,2.1,537524867829.0
39.0,7.4,450.0,35.0,0.19,58.0,2.1,291981834065.0
33.0,2.3000000000000003,160.0,52.0,0.39,9.0,3.1,2896285487495.0
18.0,0.2,940.0,92.0,0.63,29.0,1.4000000000000001,7447101462810.0
21.0,2.4000000000000004,140.0,20.0,0.56,72.0,1.7000000000000002,215524769966.0
33.0,6.7,790.0,48.0,0.32,27.0,2.7,236303644905.0
49.0,2.5,300.0,22.0,0.86,93.0,3.8000000000000003,8750938754372.0
33.0,4.2,470.0,51.0,0.65,91.0,2.3000000000000003,3829006955950.0
43.0,3.9000000000000004,940.0,2.0,0.37,77.0,1.7000000000000002,7572739471056.0
47.0,10.4,840.0,52.0,0.77,13.0,3.6,3218352351934.0
47.0,1.0,850.0,86.0,0.05,5.0,1.6,6656119815757.0
41.0,1.5,950.0,39.0,0.91,29.0,0.9,8019952105093.0
33.0,8.3,580.0,62.0,0.04,61.0,2.5,4499888609045.0
39.0,11.600000000000001,690.0,39.0,0.72,72.0,3.5,954446608973.0
47.0,0.30000000000000004,420.0,26.0,0.01,7.0,3.9000000000000004,4604845380190.0
45.0,7.2,360.0,51.0,0.51,74.0,1.8,5674987368126.0
23.0,11.0,870.0,23.0,0.96,43.0,1.0,5314029431087.0
34.0,10.700000000000001,610.0,60.0,0.24,68.0,3.6,6843703640100.0
36.0,3.5,890.0,13.0,0.54,69.0,2.7,2087185664990.0
24.0,4.2,350.0,25.0,0.24,45.0,2.3000000000000003,4883544381614.0
33.0,6.1000000000000005,850.0,76.0,0.66,43.0,1.8,5253038412311.0
48.0,7.800000000000001,460.0,85.0,0.88,52.0,1.9000000000000001,6276671099193.0
41.0,1.5,300.0,97.0,0.98,46.0,2.3000000000000003,3540034406732.0
42.0,9.700000000000001,940.0,6.0,0.02,71.0,3.8000000000000003,4019141313774.0
36.0,8.8,700.0,32.0,0.03,93.0,3.4000000000000004,6404249245604.0
35.0,9.5,860.0,3.0,0.2,33.0,2.6,2011546828945.0
25.0,9.5,320.0,13.0,0.8300000000000001,26.0,2.8000000000000003,1148114226611.0
20.0,0.2,900.0,29.0,0.81,78.0,1.6,9742391252059.0
27.0,8.0,180.0,9.0,0.96,56.0,1.7000000000000002,6778453152538.0
46.0,1.2000000000000002,800.0,0.0,0.26,20.0,0.6000000000000001,2391689259577.0
16.0,12.200000000000001,410.0,91.0,0.14,37.0,2.6,1869125569658.0
45.0,7.4,800.0,53.0,0.52,26.0,3.7,4850995908019.0
32.0,0.0,100.0,16.0,0.56,43.0,3.1,6854738760389.0
33.0,6.5,310.0,16.0,0.1,11.0,0.8,1869203579241.0
31.0,12.0,570.0,66.0,0.37,28.0,1.9000000000000001,324459436019.0
44.0,13.200000000000001,90.0,43.0,0.05,21.0,1.2000000000000002,5229571165870.0
25.0,1.1,240.0,22.0,0.06,66.0,2.5,8133292782404.0
33.0,2.6,810.0,83.0,0.87,63.0,0.6000000000000001,4429763415628.0
19.0,2.9000000000000004,240.0,5.0,0.22,36.0,3.9000000000000004,2303539189215.0
24.0,1.5,70.0,47.0,0.18,23.0,3.6,9980126821938.0
19.0,13.8,300.0,18.0,0.16,96.0,3.3000000000000003,9386757821743.0
25.0,12.200000000000001,200.0,21.0,0.04,68.0,0.7000000000000001,8495309366346.0
43.0,13.5,920.0,2.0,0.3,38.0,2.2,346947863973.0
18.0,5.1000000000000005,940.0,44.0,0.9500000000000001,23.0,1.8,462113344360.0
39.0,7.5,810.0,61.0,0.91,92.0,1.5,8360395254344.0
23.0,2.9000000000000004,800.0,56.0,0.8300000000000001,56.0,0.7000000000000001,6128854062471.0
35.0,5.9,810.0,33.0,0.61,9.0,2.7,2841975273404.0
21.0,12.4,920.0,11.0,0.79,27.0,2.8000000000000003,2095535742170.0
45.0,0.1,990.0,25.0,0.74,1.0,1.2000000000000002,9737842093456.0
22.0,4.2,560.0,11.0,0.24,26.0,2.8000000000000003,1270320745914.0
32.0,11.8,540.0,11.0,0.24,21.0,3.1,4376132050365.0
49.0,13.0,790.0,22.0,0.6900000000000001,0.0,3.7,734912131403.0
17.0,3.3000000000000003,580.0,79.0,0.91,98.0,1.5,1092986026238.0
48.0,0.1,520.0,19.0,0.25,14.0,3.9000000000000004,1362994031225.0
48.0,0.1,180.0,79.0,0.04,14.0,1.8,9558011031126.0
21.0,5.7,540.0,76.0,0.2,52.0,3.1,6453444432028.0
25.0,8.6,160.0,86.0,0.71,52.0,1.7000000000000002,96457183440.0
21.0,11.8,990.0,87.0,0.03,24.0,2.8000000000000003,746741044759.0
30.0,3.0,880.0,13.0,0.03,26.0,1.6,9365039084204.0
22.0,2.6,250.0,35.0,0.2,51.0,3.6,3458672699411.0
16.0,9.3,350.0,91.0,0.48,1.0,3.7,8190924848921.0
26.0,3.3000000000000003,980.0,67.0,0.8200000000000001,22.0,0.8,3915771245548.0
43.0,7.0,810.0,17.0,0.34,21.0,2.8000000000000003,5063266228511.0
18.0,0.30000000000000004,290.0,59.0,0.96,71.0,3.1,9411841497659.0
30.0,6.6000000000000005,840.0,66.0,0.42,40.0,3.9000000000000004,9013189471540.0
19.0,9.600000000000001,940.0,59.0,0.12,5.0,2.3000000000000003,6678288077564.0
29.0,10.5,320.0,95.0,0.36,92.0,3.0,9721004076833.0
21.0,13.5,150.0,92.0,0.93,33.0,3.0,7417955993174.0
30.0,0.30000000000000004,840.0,68.0,0.87,37.0,3.6,5756070399950.0
33.0,0.5,580.0,91.0,0.5,30.0,1.9000000000000001,4937116037649.0
49.0,13.600000000000001,930.0,10.0,0.3,97.0,1.4000000000000001,6446970233775.0
31.0,4.1000000000000005,400.0,68.0,0.71,3.0,3.7,434177815824.0
48.0,9.8,740.0,68.0,0.59,13.0,3.4000000000000004,4146330873948.0
44.0,6.800000000000001,570.0,37.0,0.08,63.0,3.1,7101105788227.0
45.0,8.9,830.0,96.0,0.09,4.0,3.0,8133249577413.0
27.0,11.5,810.0,94.0,0.23,76.0,0.9,9466495194161.0
43.0,3.0,210.0,10.0,0.73,58.0,1.0,3746166627294.0
44.0,7.300000000000001,840.0,28.0,0.97,87.0,1.6,9783300516376.0
15.0,2.9000000000000004,570.0,91.0,0.86,36.0,0.8,3804567826773.0
31.0,0.5,430.0,97.0,0.29,74.0,2.8000000000000003,5452884953923.0
43.0,12.5,320.0,39.0,0.45,37.0,1.2000000000000002,5492592599266.0
40.0,5.6000000000000005,500.0,58.0,0.29,92.0,2.6,6407641091888.0
45.0,6.0,270.0,74.0,0.03,12.0,1.3,9630125233004.0
19.0,11.3,900.0,99.0,0.13,73.0,1.0,604264222755.0
41.0,2.5,750.0,36.0,0.58,26.0,3.8000000000000003,9627809692771.0
35.0,4.6000000000000005,350.0,73.0,0.68,23.0,0.5,5576664774998.0
15.0,10.9,490.0,84.0,0.35000000000000003,29.0,2.6,4194134835939.0
46.0,8.0,950.0,20.0,0.68,66.0,3.8000000000000003,3857880722953.0
46.0,13.100000000000001,600.0,23.0,0.5,52.0,2.7,1177481089893.0
22.0,6.9,50.0,89.0,0.21,80.0,3.1,8016938204607.0
28.0,12.9,220.0,48.0,0.51,39.0,0.8,2479414356875.0
37.0,6.7,370.0,80.0,0.35000000000000003,59.0,1.8,9439401224230.0
36.0,10.700000000000001,220.0,90.0,0.81,11.0,1.9000000000000001,3069218074893.0
32.0,1.0,60.0,60.0,0.3,32.0,1.5,57176389528.0
48.0,10.600000000000001,580.0,44.0,0.8300000000000001,51.0,2.4000000000000004,1812115219178.0
28.0,9.0,70.0,41.0,0.68,74.0,2.8000000000000003,1799140341621.0
37.0,5.7,880.0,6.0,0.22,44.0,0.6000000000000001,9067494255955.0
17.0,7.7,310.0,31.0,0.84,82.0,3.7,3475767365612.0
33.0,11.9,390.0,95.0,0.16,75.0,3.3000000000000003,6456414893711.0
25.0,11.100000000000001,520.0,62.0,0.78,78.0,0.9,609052191000.0
27.0,6.5,130.0,95.0,0.4,23.0,2.7,2238345142437.0
43.0,3.4000000000000004,210.0,91.0,0.02,82.0,2.8000000000000003,9800529670980.0
33.0,12.9,520.0,76.0,0.48,14.0,2.3000000000000003,3684602060011.0
22.0,11.9,240.0,11.0,0.2,81.0,0.7000000000000001,6163127169943.0
29.0,4.7,350.0,73.0,0.74,81.0,2.0,9947999357097.0
23.0,4.5,520.0,71.0,0.22,12.0,3.4000000000000004,3558538653882.0
40.0,10.0,970.0,6.0,0.27,1.0,2.3000000000000003,195890605323.0
42.0,8.4,590.0,36.0,0.64,17.0,1.1,3023275757354.0
23.0,1.9000000000000001,600.0,83.0,0.44,84.0,3.2,4133342872787.0
31.0,9.4,290.0,46.0,0.09,20.0,1.1,564862886305.0
16.0,8.6,920.0,46.0,0.8300000000000001,68.0,3.8000000000000003,9280219300825.0
39.0,9.3,300.0,82.0,0.25,71.0,0.8,4427928504046.0
18.0,11.0,70.0,50.0,0.35000000000000003,49.0,3.3000000000000003,5285132366954.0
49.0,6.0,900.0,17.0,0.2,88.0,3.1,8490404888409.0
48.0,5.0,770.0,50.0,0.86,93.0,3.7,1277378529918.0
17.0,9.0,220.0,43.0,0.53,98.0,1.4000000000000001,1854054399120.0
37.0,8.4,290.0,23.0,0.97,14.0,0.7000000000000001,1674186365242.0
16.0,0.5,100.0,29.0,0.47000000000000003,78.0,1.1,8375770328032.0
47.0,4.2,650.0,29.0,0.19,84.0,1.5,9746952991000.0
22.0,8.3,790.0,7.0,0.6900000000000001,40.0,2.5,5616721821628.0
15.0,12.3,950.0,77.0,0.65,59.0,3.2,8249513423052.0
25.0,7.4,530.0,94.0,0.25,30.0,2.6,8929307967971.0
37.0,13.5,750.0,15.0,0.05,47.0,3.6,1462049412105.0
22.0,3.5,530.0,11.0,0.17,32.0,1.8,3976434081865.0
49.0,11.600000000000001,680.0,23.0,0.17,96.0,1.0,9642541098659.0
27.0,8.8,370.0,65.0,0.11,89.0,2.6,8717646948272.0
